index_name,relation_name,uniqueness,status,sort_order,field_name,field_position
PK_BANKSTATEMENT,BANKSTATEMENT,UNIQUE,ACTIVE,ASC,BS_ID,0
FK_BANKSTATEMENTLINE_BS,BANKSTATEMENTLINE,NON_UNIQUE,ACTIVE,ASC,BS_ID,0
PK_BANKSTATEMENTLINE,BANKSTATEMENTLINE,UNIQUE,ACTIVE,ASC,BS_ID,0
PK_BANKSTATEMENTLINE,BANKSTATEMENTLINE,UNIQUE,ACTIVE,ASC,BSL_ID,1
IDX_BURIALPERMIT_LOCALTIN,BURIALPERMIT,NON_UNIQUE,ACTIVE,ASC,LOCAL_TIN,0
IDX_BURIALPERMIT_PAYMENTID,BURIALPERMIT,NON_UNIQUE,ACTIVE,ASC,PAYMENT_ID,0
PK_BURIALPERMIT,BURIALPERMIT,UNIQUE,ACTIVE,ASC,BUR_ID,0
IDX_BUSINESSPERMIT_BPYEAR,BUSINESSPERMIT,NON_UNIQUE,ACTIVE,ASC,BPYEAR,0
FK_BP_BLDGNAMES,BUSINESSPERMIT,NON_UNIQUE,ACTIVE,ASC,BUILDINGNAME_CT,0
FK_BP_TAXPAYER,BUSINESSPERMIT,NON_UNIQUE,ACTIVE,ASC,LOCAL_TIN,0
FK_BUSINESSPERMIT_1,BUSINESSPERMIT,NON_UNIQUE,ACTIVE,ASC,BPMUN_ID,0
FK_BUSINESSPERMIT_2,BUSINESSPERMIT,NON_UNIQUE,ACTIVE,ASC,BPPROV_CT,0
FK_BUSINESS_REF_PROPB_PROPERTY,BUSINESSPERMIT,NON_UNIQUE,ACTIVE,ASC,PROP_ID,0
IDX_BUSINESSPERMIT_BPID,BUSINESSPERMIT,NON_UNIQUE,ACTIVE,ASC,BP_ID,0
IDX_BUSINESSPERMIT_BPYEAR,BUSINESSPERMIT,NON_UNIQUE,ACTIVE,ASC,BPYEAR,0
IDX_BUSINESSPERMIT_BUSID,BUSINESSPERMIT,NON_UNIQUE,ACTIVE,ASC,BUSINESSID,0
IDX_BUSINESSPERMIT_LOCALTIN,BUSINESSPERMIT,NON_UNIQUE,ACTIVE,ASC,LOCAL_TIN,0
PK_BUSINESSPERMIT_1,BUSINESSPERMIT,UNIQUE,ACTIVE,ASC,BP_ID,0
FK_BPCLRANCE_BP,BUSINESSPERMITCLEARANCE,NON_UNIQUE,ACTIVE,ASC,BP_ID,0
FK_BPCLRANCE_TBPCLRANCE,BUSINESSPERMITCLEARANCE,NON_UNIQUE,ACTIVE,ASC,BPCLEARANCE_CT,0
IDX_BPCLEARANCE_BPID,BUSINESSPERMITCLEARANCE,NON_UNIQUE,ACTIVE,ASC,BP_ID,0
PK_BUSINESSPERMITCLEARANCE_1,BUSINESSPERMITCLEARANCE,UNIQUE,ACTIVE,ASC,BPC_ID,0
FK_BPCDET_BP,BUSINESSPERMITCLEARANCEDETAIL,NON_UNIQUE,ACTIVE,ASC,BP_ID,0
FK_BPCDET_BPC,BUSINESSPERMITCLEARANCEDETAIL,NON_UNIQUE,ACTIVE,ASC,BPC_ID,0
FK_BUSINESS_FK_BPCDET_BUSINESS,BUSINESSPERMITCLEARANCEDETAIL,NON_UNIQUE,ACTIVE,ASC,BPC_ID,0
FK_BUSINESS_FK_BP_BPC_BUSINESS,BUSINESSPERMITCLEARANCEDETAIL,NON_UNIQUE,ACTIVE,ASC,BP_ID,0
PK_BPERMITCLEARANCEDETAIL_1,BUSINESSPERMITCLEARANCEDETAIL,UNIQUE,ACTIVE,ASC,BPCLRDETAIL_ID,0
FK_BPD_BP,BUSINESSPERMITDETAIL,NON_UNIQUE,ACTIVE,ASC,BP_ID,0
IDX_BPDETAIL_BPCAT,BUSINESSPERMITDETAIL,NON_UNIQUE,ACTIVE,ASC,BPCATEGORY_ID,0
IDX_BUSINESSPERMITDETAIL1,BUSINESSPERMITDETAIL,NON_UNIQUE,ACTIVE,ASC,TAXDUE,0
PK_BUSINESSPERMITDETAIL_1,BUSINESSPERMITDETAIL,UNIQUE,ACTIVE,ASC,BPDETAIL_ID,0
FK_BPJ_BP,BUSINESSPERMITJOURNAL,NON_UNIQUE,ACTIVE,ASC,BP_ID,0
IDX_BPJOURNAL_BUSID,BUSINESSPERMITJOURNAL,NON_UNIQUE,ACTIVE,ASC,BUSINESSID,0
IDX_BPJOURNAL_GROSS,BUSINESSPERMITJOURNAL,NON_UNIQUE,ACTIVE,ASC,GROSSINITIAL,0
IDX_BPJOURNAL_TAX,BUSINESSPERMITJOURNAL,NON_UNIQUE,ACTIVE,ASC,TAXAMOUNT,0
IDX_BUSINESSPERMITJOURNAL1,BUSINESSPERMITJOURNAL,NON_UNIQUE,ACTIVE,ASC,BPADDON_ID,0
IDX_BUSINESSPERMITJOURNAL2,BUSINESSPERMITJOURNAL,NON_UNIQUE,ACTIVE,ASC,BPCATEGORY_ID,0
IDX_BUSINESSPERMITJOURNAL_BPID,BUSINESSPERMITJOURNAL,NON_UNIQUE,ACTIVE,ASC,BP_ID,0
PK_BUSINESSPERMITJOURNAL_1,BUSINESSPERMITJOURNAL,UNIQUE,ACTIVE,ASC,BPJOURNAL_ID,0
PK_BUSINESSPERMITLESSOR_1,BUSINESSPERMITLESSOR,UNIQUE,ACTIVE,ASC,BPLESSOR_ID,0
FK_BPPREVGROSS_BPCTGRY,BUSINESSPERMITPREVGROSS,NON_UNIQUE,ACTIVE,ASC,BPCATEGORY_ID,0
PK_BUSINESSPERMITPREVGROSS_1,BUSINESSPERMITPREVGROSS,UNIQUE,ACTIVE,ASC,BPPREVGROSS_ID,0
PK_BUSINESSPERMITPROMISSORY_1,BUSINESSPERMITPROMISSORY,UNIQUE,ACTIVE,ASC,BPP_ID,0
FK_BPSTAT_TBPSTAT,BUSINESSPERMITSTATUS,NON_UNIQUE,ACTIVE,ASC,BPSTATUS_CT,0
RDB$PRIMARY1,BUSINESSPERMITSTATUS,UNIQUE,ACTIVE,ASC,BPS_ID,0
PK_BUSINESSPERMIT_HISTORY_1,BUSINESSPERMIT_HISTORY,UNIQUE,ACTIVE,ASC,BP_ID,0
PK_CASHTICKET_1,CASHTICKET,UNIQUE,ACTIVE,ASC,CT_ID,0
PK_CATTLEOWNERSHIP,CATTLEOWNERSHIP,UNIQUE,ACTIVE,ASC,CATOWN_ID,0
PK_CATTLETRANSFER,CATTLETRANSFER,UNIQUE,ACTIVE,ASC,CATTRANS_ID,0
FK_COMMUNITYTAXCERTIFICATE_1,COMMUNITYTAXCERTIFICATE,NON_UNIQUE,ACTIVE,ASC,LOCAL_TIN,0
PK_COMMUNITYTAXCERTIFICATE_1,COMMUNITYTAXCERTIFICATE,UNIQUE,ACTIVE,ASC,CTC_ID,0
PK_CTCOTHERLGU,CTCOTHERLGU,UNIQUE,ACTIVE,ASC,OTHERCTC_ID,0
PK_CTRLETACSEQ_1,CTRLETACSEQ,UNIQUE,ACTIVE,ASC,SEQNAME,0
PK_CTRLETACSEQ_1,CTRLETACSEQ,UNIQUE,ACTIVE,ASC,MUNICIPAL_ID,1
RDB$PRIMARY2,CTRLSYSCONFIG,UNIQUE,ACTIVE,ASC,TAG,0
PK_CUSTOMLAYOUTAF,CUSTOMLAYOUT_AF,UNIQUE,ACTIVE,ASC,CLAF_ID,0
PK_CUSTOMREPORT,CUSTOMREPORT,UNIQUE,ACTIVE,ASC,CR_ID,0
PK_DELETE_AUDITTRAIL,DELETE_AUDITTRAIL,UNIQUE,ACTIVE,ASC,DELETE_AUDITTRAIL_ID,0
FK_EEBILL_0,EEBILL,NON_UNIQUE,ACTIVE,ASC,CONSIGNEELOCAL_TIN,0
FK_EEBILL_1,EEBILL,NON_UNIQUE,ACTIVE,ASC,OWNERLOCAL_TIN,0
FK_EEBILL_2,EEBILL,NON_UNIQUE,ACTIVE,ASC,TYPEOFFEE_CT,0
FK_EEBILL_3,EEBILL,NON_UNIQUE,ACTIVE,ASC,LIVESTOCK_CT,0
PK_EEBILL_1,EEBILL,UNIQUE,ACTIVE,ASC,EEBILL_ID,0
FK_EECITATION_1,EECITATION,NON_UNIQUE,ACTIVE,ASC,EECONTRACT_ID,0
PK_EECITATION_1,EECITATION,UNIQUE,ACTIVE,ASC,CITATION_ID,0
FK_EECITATIONTICKETDETAIL_0,EECITATIONTICKETDETAIL,NON_UNIQUE,ACTIVE,ASC,CITATION_ID,0
FK_EECITATIONTICKETDETAIL_1,EECITATIONTICKETDETAIL,NON_UNIQUE,ACTIVE,ASC,VIOLATION_CT,0
PK_EECITATIONTICKETDETAIL_1,EECITATIONTICKETDETAIL,UNIQUE,ACTIVE,ASC,CITATIONDETAIL_ID,0
FK_EECLEARANCE_1,EECLEARANCE,NON_UNIQUE,ACTIVE,ASC,EECLEARANCE_CT,0
FK_EECLEARANCE_2,EECLEARANCE,NON_UNIQUE,ACTIVE,ASC,EECONTRACT_ID,0
PK_EECLEARANCE_1,EECLEARANCE,UNIQUE,ACTIVE,ASC,EEC_ID,0
FK_EECONTRACT,EECONTRACT,NON_UNIQUE,ACTIVE,ASC,ITAXTYPE_CT,0
FK_EECONTRACT_1,EECONTRACT,NON_UNIQUE,ACTIVE,ASC,LOCAL_TIN,0
FK_EECONTRACT_3,EECONTRACT,NON_UNIQUE,ACTIVE,ASC,EESECTION_CT,0
FK_EECONTRACT_4,EECONTRACT,NON_UNIQUE,ACTIVE,ASC,EELOCATION_CT,0
PK_EECONTRACT_1,EECONTRACT,UNIQUE,ACTIVE,ASC,EECONTRACT_ID,0
PK_EESECTION_ID,EECONTRACTSECTION,UNIQUE,ACTIVE,ASC,EESECTION_ID,0
IDX_EEPROMISORY1,EEPROMISSORY,NON_UNIQUE,ACTIVE,ASC,EECONTRACT_ID,0
IDX_EEPROMISORY2,EEPROMISSORY,NON_UNIQUE,ACTIVE,ASC,LOCAL_TIN,0
IDX_EEPROMISORY3,EEPROMISSORY,NON_UNIQUE,ACTIVE,ASC,DEBITPOSTING,0
PK_EEP_ID,EEPROMISSORY,UNIQUE,ACTIVE,ASC,EEP_ID,0
FK_ENFORCEMENT_1,ENFORCEMENT,NON_UNIQUE,ACTIVE,ASC,ENFORCEMENTSTATUS_CT,0
FK_ENFORCEMENT_2,ENFORCEMENT,NON_UNIQUE,ACTIVE,ASC,ENFORCEMENTTYPE_CT,0
IDX_ENFORCEMENT_LOCALTIN,ENFORCEMENT,NON_UNIQUE,ACTIVE,ASC,LOCAL_TIN,0
PK_ENFORCEMENT_1,ENFORCEMENT,UNIQUE,ACTIVE,ASC,NOTICE_ID,0
PK_ESREREPORT_1,ESREREPORT,UNIQUE,ACTIVE,ASC,SRS_ID,0
FK_MANUALDEBIT_PROPERTY,MANUALDEBIT,NON_UNIQUE,ACTIVE,ASC,PROP_ID,0
FK_MANUALDEBIT_RPTASSESSMENT,MANUALDEBIT,NON_UNIQUE,ACTIVE,ASC,TAXTRANS_ID,0
IDX_MANUALDEBIT_TAXYEAR,MANUALDEBIT,NON_UNIQUE,ACTIVE,ASC,TAXYEAR,0
PK_MANUALDEBIT_1,MANUALDEBIT,UNIQUE,ACTIVE,ASC,MANUALDEBIT_ID,0
PK_MARRIAGELICENSE,MARRIAGELICENSE,UNIQUE,ACTIVE,ASC,MAR_ID,0
PK_MCHCHARGES_1,MCHCHARGES,UNIQUE,ACTIVE,ASC,MCHCHARGE_ID,0
PK_MCHDRIVER_1,MCHDRIVER,UNIQUE,ACTIVE,ASC,MCHDRIVER_ID,0
PK_MCHOFFENSE_ID,MCHOFFENSE,UNIQUE,ACTIVE,ASC,MCHOFFENSE_ID,0
PK_MCHOPERATOR_1,MCHOPERATOR,UNIQUE,ACTIVE,ASC,MCHOP_ID,0
FK_MCHREQUIREMENT_1,MCHREQUIREMENT,NON_UNIQUE,ACTIVE,ASC,REQUIREMENT_ID,0
PK_MCHREQUIREMENT_1,MCHREQUIREMENT,UNIQUE,ACTIVE,ASC,MCHREQ_ID,0
PK_MESSAGES,MESSAGES,UNIQUE,ACTIVE,ASC,MSGID,0
FK_PAYMENT_1,PAYMENT,NON_UNIQUE,ACTIVE,ASC,PAYMODE_CT,0
FK_PAYMENT_TAXPAYER,PAYMENT,NON_UNIQUE,ACTIVE,ASC,LOCAL_TIN,0
FK_PAYMENT_TSTATUS,PAYMENT,NON_UNIQUE,ACTIVE,ASC,STATUS_CT,0
IDX_PAYMENT_LOCALTIN,PAYMENT,NON_UNIQUE,ACTIVE,ASC,LOCAL_TIN,0
IDX_PAYMENT_PAYMENTDATE,PAYMENT,NON_UNIQUE,ACTIVE,ASC,PAYMENTDATE,0
IDX_PAYMENT_RECEIPTNO,PAYMENT,NON_UNIQUE,ACTIVE,ASC,RECEIPTNO,0
IDX_PAYMENT_USERID,PAYMENT,NON_UNIQUE,ACTIVE,ASC,USERID,0
PK_PAYMENT_1,PAYMENT,UNIQUE,ACTIVE,ASC,PAYMENT_ID,0
PK_PAYMENTCHEQUE_1,PAYMENTCHEQUE,UNIQUE,ACTIVE,ASC,CHEQUE_ID,0
IDX_PAYCLASDETAIL_PAYMENT_ID,PAYMENTCLASSDETAIL,NON_UNIQUE,ACTIVE,ASC,PAYMENT_ID,0
IDX_PAYCLASSDETAIL_PROP,PAYMENTCLASSDETAIL,NON_UNIQUE,ACTIVE,ASC,TAXTRANS_ID,0
IDX_PAYMENTCLASSDETAILUSERID,PAYMENTCLASSDETAIL,NON_UNIQUE,ACTIVE,ASC,USERID,0
PK_PAYMENTCLASSDETAIL_1,PAYMENTCLASSDETAIL,UNIQUE,ACTIVE,ASC,PAYCLASSDETAIL_ID,0
FK_PAYMENTDETAIL_FUNDTYPE,PAYMENTDETAIL,NON_UNIQUE,ACTIVE,ASC,FUNDTYPE_CT,0
FK_PAYMENTDETAIL_PAYMENT,PAYMENTDETAIL,NON_UNIQUE,ACTIVE,ASC,PAYMENT_ID,0
IDX_PAYMENTDETAILUSERID,PAYMENTDETAIL,NON_UNIQUE,ACTIVE,ASC,USERID,0
IDX_PAYMENTDETAIL_DEBIT,PAYMENTDETAIL,NON_UNIQUE,ACTIVE,ASC,DEBITPOSTINGID,0
IDX_PAYMENTDETAIL_PAYID,PAYMENTDETAIL,NON_UNIQUE,ACTIVE,ASC,PAYMENT_ID,0
IDX_PAYMENTDETAIL_SRC,PAYMENTDETAIL,NON_UNIQUE,ACTIVE,ASC,SOURCE_CT,0
IDX_PAYMENTDETAIL_SRCID,PAYMENTDETAIL,NON_UNIQUE,ACTIVE,ASC,SOURCEID,0
IDX_PAYMENTDETAIL_USERID,PAYMENTDETAIL,NON_UNIQUE,ACTIVE,ASC,USERID,0
PK_PAYMENTDETAIL_1,PAYMENTDETAIL,UNIQUE,ACTIVE,ASC,PAYMENTDETAIL_ID,0
PK_PBCATCOL_1,PBCATCOL,UNIQUE,ACTIVE,ASC,PBC_TNAM,0
PK_PBCATEDT_1,PBCATEDT,UNIQUE,ACTIVE,ASC,PBE_NAME,0
PK_PBCATFMT_1,PBCATFMT,UNIQUE,ACTIVE,ASC,PBF_NAME,0
PK_PBCATTBL_1,PBCATTBL,UNIQUE,ACTIVE,ASC,PBT_TNAM,0
PK_PBCATVLD_1,PBCATVLD,UNIQUE,ACTIVE,ASC,PBV_NAME,0
FK_POSTINGJOURNAL_PROPERTY,POSTINGJOURNAL,NON_UNIQUE,ACTIVE,ASC,PROP_ID,0
FK_POSTINGJOURNAL_RPTASSESSMENT,POSTINGJOURNAL,NON_UNIQUE,ACTIVE,ASC,TAXTRANS_ID,0
FK_POSTINGJOURNAL_TAXPAYER,POSTINGJOURNAL,NON_UNIQUE,ACTIVE,ASC,LOCAL_TIN,0
IDX_POSTINGJOURNAL_ID,POSTINGJOURNAL,NON_UNIQUE,ACTIVE,ASC,POSTINGJOURNAL_ID,0
IDX_POSTINGJOURNAL_SOURCECT,POSTINGJOURNAL,NON_UNIQUE,ACTIVE,ASC,SOURCE_CT,0
IDX_POSTINGJOURNAL_TAXTRANS,POSTINGJOURNAL,NON_UNIQUE,ACTIVE,ASC,TAXTRANS_ID,0
IDX_POSTINGJOURNAL_TAXYEAR,POSTINGJOURNAL,NON_UNIQUE,ACTIVE,ASC,TAXYEAR,0
IDX_PSTNGJRNL_PINNO,POSTINGJOURNAL,NON_UNIQUE,ACTIVE,ASC,PINNO,0
PK_POSTINGJOURNAL_1,POSTINGJOURNAL,UNIQUE,ACTIVE,ASC,POSTINGJOURNAL_ID,0
FK_PROPERTY_TOWNERTYPE,PROPERTY,NON_UNIQUE,ACTIVE,ASC,OWNERTYPE_CT,0
FK_PROPERTY_TPROPKIND,PROPERTY,NON_UNIQUE,ACTIVE,ASC,PROPERTYKIND_CT,0
FK_PROPERTY_TPROVINCE,PROPERTY,NON_UNIQUE,ACTIVE,ASC,PROVINCE_CT,0
IDX_PROPERTYBARANGAY_CT,PROPERTY,NON_UNIQUE,ACTIVE,ASC,BARANGAY_CT,0
IDX_PROPERTYPREVPROP_ID,PROPERTY,NON_UNIQUE,ACTIVE,ASC,PREVPROP_ID,0
IDX_PROPERTYUSERID,PROPERTY,NON_UNIQUE,ACTIVE,ASC,USERID,0
IDX_PROPERTY_BARANGAY,PROPERTY,NON_UNIQUE,ACTIVE,ASC,BARANGAY_CT,0
IDX_PROPERTY_MUNID,PROPERTY,NON_UNIQUE,ACTIVE,ASC,MUNICIPAL_ID,0
IDX_PROPERTY_PINNO,PROPERTY,NON_UNIQUE,ACTIVE,ASC,PINNO,0
IDX_PROPERTY_PROPERTYREFID,PROPERTY,NON_UNIQUE,ACTIVE,ASC,PROPERTYREF_ID,0
PK_PROPERTY_1,PROPERTY,UNIQUE,ACTIVE,ASC,PROP_ID,0
IDX_PROPERTYOWNER_LOCALTIN,PROPERTYOWNER,NON_UNIQUE,ACTIVE,ASC,LOCAL_TIN,0
PK_PROPERTYOWNER_1,PROPERTYOWNER,UNIQUE,ACTIVE,ASC,PROP_ID,0
FK_PROPOWNERDET_TAXPAYER,PROPERTYOWNERDETAIL,NON_UNIQUE,ACTIVE,ASC,DETAILLOCAL_TIN,0
PK_PROPERTYOWNERDETAIL_1,PROPERTYOWNERDETAIL,UNIQUE,ACTIVE,ASC,PROP_ID,0
PK_PROPERTYOWNERDETAIL_1,PROPERTYOWNERDETAIL,UNIQUE,ACTIVE,ASC,MASTERLOCAL_TIN,1
PK_PROPERTYOWNERDETAIL_1,PROPERTYOWNERDETAIL,UNIQUE,ACTIVE,ASC,DETAILLOCAL_TIN,2
IDX_LANDPROP_ID,PROPERTYREFERENCE,NON_UNIQUE,ACTIVE,ASC,LANDPROP_ID,0
IDX_PROPERTYREFERENCE,PROPERTYREFERENCE,NON_UNIQUE,ACTIVE,ASC,BUILDINGPROP_ID,0
PK_PROPERTYREFERENCE_0,PROPERTYREFERENCE,UNIQUE,ACTIVE,ASC,PROPERTYREF_ID,0
PK_PROPERTYREFERENCE_0,PROPERTYREFERENCE,UNIQUE,ACTIVE,ASC,LANDPROP_ID,1
FK_PROP_ID,PROPERTYTRANSACTIONDOCUMENT,NON_UNIQUE,ACTIVE,ASC,PROP_ID,0
FK_RPTTRANSACTION_ID,PROPERTYTRANSACTIONDOCUMENT,NON_UNIQUE,ACTIVE,ASC,RPTTRANSACTION_ID,0
FK_TAXTRANS_ID,PROPERTYTRANSACTIONDOCUMENT,NON_UNIQUE,ACTIVE,ASC,TAXTRANS_ID,0
PK_PROPTRANSDOC_ID,PROPERTYTRANSACTIONDOCUMENT,UNIQUE,ACTIVE,ASC,PROPTRANSDOC_ID,0
FK_RCDACCNTABLEFORM_RCDCTRLNUM,RCDACCOUNTABLEFORM,NON_UNIQUE,ACTIVE,ASC,RCDCTRL_ID,0
PK_RCDACCOUNTABLEFORM_1,RCDACCOUNTABLEFORM,UNIQUE,ACTIVE,ASC,AF_ID,0
FK_RCDCASHBREAKDOWN_RCDCTRLNUM,RCDCASHBREAKDOWN,NON_UNIQUE,ACTIVE,ASC,RCDCTRL_ID,0
PK_RCDCASHBREAKDOWN,RCDCASHBREAKDOWN,UNIQUE,ACTIVE,ASC,CASHBREAKDOWN_ID,0
PK_RCDCTRLNUMBER_0,RCDCTRLNUMBER,UNIQUE,ACTIVE,ASC,RCDCTRL_ID,0
FK_RCDDEPOSIT_RCDCTRLNUM,RCDDEPOSIT,NON_UNIQUE,ACTIVE,ASC,RCDCTRL_ID,0
PK_RCDDEPOSIT,RCDDEPOSIT,UNIQUE,ACTIVE,ASC,DEPOSIT_ID,0
PK_RCDFUNDTYPEBREAKDOWN,RCDFUNDTYPEBREAKDOWN,UNIQUE,ACTIVE,ASC,FUNDTYPEBREAKDOWN_ID,0
PK_RCDORBOOKLET_1,RCDORBOOKLET,UNIQUE,ACTIVE,ASC,ORB_ID,0
FK_RCDORBKLETDFCTIV_RCDCTRLNUM,RCDORBOOKLETDEFECTIVE,NON_UNIQUE,ACTIVE,ASC,RCDCTRL_ID,0
PK_RCDDEFECTIVE_ORID,RCDORBOOKLETDEFECTIVE,UNIQUE,ACTIVE,ASC,DEFECTIVE_ORBID,0
RCDORBOOKLETINVENTORY,RCDORBOOKLETINVENTORY,UNIQUE,ACTIVE,ASC,ORINV_ID,0
PK_REMITTANCE,REMITTANCE,UNIQUE,ACTIVE,ASC,REMIT_ID,0
IDX_PREDOMRPTDETAIL,RPTASSESSMENT,NON_UNIQUE,ACTIVE,ASC,PREDOMRPTDETAILID,0
IDX_RPTASSESSMENT1,RPTASSESSMENT,NON_UNIQUE,ACTIVE,ASC,PREVTAXTRANS_ID,0
IDX_RPTASSESSMENT_GRYEAR,RPTASSESSMENT,NON_UNIQUE,ACTIVE,ASC,GRYEAR,0
IDX_RPTASSESSMENT_PROPID,RPTASSESSMENT,NON_UNIQUE,ACTIVE,ASC,PROP_ID,0
IDX_RPTASSESSMENT_RESTRICTION,RPTASSESSMENT,NON_UNIQUE,ACTIVE,ASC,RPTRESTRICTION_CT,0
IDX_RPTASSESSMENT_TAXABILITYBV,RPTASSESSMENT,NON_UNIQUE,ACTIVE,ASC,TAXABILITY_BV,0
IDX_RPTASSESSMENT_TAXTRANSID,RPTASSESSMENT,NON_UNIQUE,ACTIVE,ASC,TAXTRANS_ID,0
PK_RPTASSESSMENT_1,RPTASSESSMENT,UNIQUE,ACTIVE,ASC,TAXTRANS_ID,0
FK_RPTASSDET_PROPERTYKND,RPTASSESSMENTDETAIL,NON_UNIQUE,ACTIVE,ASC,PROPERTYKIND_CT,0
FK_RPTASSESSMENTDETAIL_ASSLVL,RPTASSESSMENTDETAIL,NON_UNIQUE,ACTIVE,ASC,PROPERTYKIND_CT,0
FK_RPTASSESSMENTDETAIL_ASSLVL,RPTASSESSMENTDETAIL,NON_UNIQUE,ACTIVE,ASC,ACTUALUSE_CT,1
FK_RPTASSESSMENTDETAIL_ASSLVL,RPTASSESSMENTDETAIL,NON_UNIQUE,ACTIVE,ASC,GRYEAR,2
FK_RPTASSESSMENTDETAIL_ASSLVL,RPTASSESSMENTDETAIL,NON_UNIQUE,ACTIVE,ASC,ASSESSMENTLEVEL,3
IDX_RPTDETAIL_TAXTRANSID,RPTASSESSMENTDETAIL,NON_UNIQUE,ACTIVE,ASC,TAXTRANS_ID,0
PK_RPTASSESSMENTDETAIL_1,RPTASSESSMENTDETAIL,UNIQUE,ACTIVE,ASC,TAXDECDETAIL_ID,0
FK_RPTBLDGDEP_RPTASSESSMENT,RPTBLDGDEPRECIATION,NON_UNIQUE,ACTIVE,ASC,TAXTRANS_ID,0
PK_RPTBLDGDEPRECIATION_1,RPTBLDGDEPRECIATION,UNIQUE,ACTIVE,ASC,DEPRECIATION_ID,0
FK_RPTBLDGEXTRA_RPTASSESSMENT,RPTBLDGEXTRA,NON_UNIQUE,ACTIVE,ASC,TAXTRANS_ID,0
PK_RPTBLDGEXTRA_1,RPTBLDGEXTRA,UNIQUE,ACTIVE,ASC,EXTRA_ID,0
FK_RPTBLDGFLR_ACTUALUSE,RPTBLDGFLOOR,NON_UNIQUE,ACTIVE,ASC,ACTUALUSE_CT,0
FK_RPTBLDGFLR_RPTASSESSMENT,RPTBLDGFLOOR,NON_UNIQUE,ACTIVE,ASC,TAXTRANS_ID,0
IDX_RPTBLDGFLOOR1,RPTBLDGFLOOR,NON_UNIQUE,ACTIVE,ASC,TAXDECDETAIL_ID,0
PK_RPTBLDGFLOOR_1,RPTBLDGFLOOR,UNIQUE,ACTIVE,ASC,FLOOR_ID,0
FK_RPTBLDGINFO_RPTASSESSMENT,RPTBLDGINFO,NON_UNIQUE,ACTIVE,ASC,TAXTRANS_ID,0
PK_RPTBLDGINFO_1,RPTBLDGINFO,UNIQUE,ACTIVE,ASC,BLDGINFO_ID,0
FK_RPTBLDGSTRCMT_BLDGCMP,RPTBLDGSTRUCTURALMATERIAL,NON_UNIQUE,ACTIVE,ASC,BLDGCOMPONENT_CT,0
FK_RPTBLDGSTRCMT_RPTBLDGFLR,RPTBLDGSTRUCTURALMATERIAL,NON_UNIQUE,ACTIVE,ASC,FLOOR_ID,0
FK_RPTBLDGSTRCRMT_BLDGMT,RPTBLDGSTRUCTURALMATERIAL,NON_UNIQUE,ACTIVE,ASC,BLDGMATERIAL_CT,0
PK_RPTBLDGSTRUCTURALMATERIAL,RPTBLDGSTRUCTURALMATERIAL,UNIQUE,ACTIVE,ASC,STRUCTURALMATERIAL_ID,0
IDX_RPTCANCELLED_CNCLDTD,RPTCANCELLED,NON_UNIQUE,INACTIVE,ASC,CANCELLEDTDNO,0
PK_RPTCANCELLED_1,RPTCANCELLED,UNIQUE,ACTIVE,ASC,TAXTRANS_ID,0
FK_RPTCANCELLED_DETAIL_1,RPTCANCELLED_DETAIL,NON_UNIQUE,ACTIVE,ASC,RPTCTAXTRANS_ID,0
PK_RPTCANCELLED_DETAIL_1,RPTCANCELLED_DETAIL,UNIQUE,ACTIVE,ASC,RPTCNCLDDET_ID,0
PK_RPTCOMPROMISE_1,RPTCOMPROMISE,UNIQUE,ACTIVE,ASC,RPTC_ID,0
FK_RPTCOMPDET_RPTCOMP,RPTCOMPROMISEDETAIL,NON_UNIQUE,ACTIVE,ASC,RPTC_ID,0
PK_RPTCOMPROMISEDETAIL_1,RPTCOMPROMISEDETAIL,UNIQUE,ACTIVE,ASC,RPTCDET_ID,0
FK_RPTLANDAPP_CLASSLVL,RPTLANDAPPRAISAL,NON_UNIQUE,ACTIVE,ASC,CLASSLEVEL_CT,0
IDX_RPTLANDAPPRAISAL_TAXTRANS,RPTLANDAPPRAISAL,NON_UNIQUE,ACTIVE,ASC,TAXTRANS_ID,0
IDX_TAXDECDETAILID,RPTLANDAPPRAISAL,NON_UNIQUE,ACTIVE,ASC,TAXDECDETAIL_ID,0
PK_RPTLANDAPPRAISAL_1,RPTLANDAPPRAISAL,UNIQUE,ACTIVE,ASC,LANDAPPRAISAL_ID,0
FK_RPTLIABILITY_TAXPAYER,RPTLIABILITY,NON_UNIQUE,ACTIVE,ASC,LOCAL_TIN,0
FK_RPTLIABILITY_TAXPAYER2,RPTLIABILITY,NON_UNIQUE,ACTIVE,ASC,ADMINLOCAL_TIN,0
IDX_RPTLIABILITY_PROPID,RPTLIABILITY,NON_UNIQUE,ACTIVE,ASC,PROP_ID,0
PK_RPTLIABILITY_1,RPTLIABILITY,UNIQUE,ACTIVE,ASC,PROP_ID,0
FK_RPTMACHAPP_ACTUALUSE,RPTMACHAPPRAISAL,NON_UNIQUE,ACTIVE,ASC,ACTUALUSE_CT,0
FK_RPTMACHAPP_MACHCOND,RPTMACHAPPRAISAL,NON_UNIQUE,ACTIVE,ASC,MACHCONDITION_CT,0
FK_RPTMACHAPP_MACHNGRP,RPTMACHAPPRAISAL,NON_UNIQUE,ACTIVE,ASC,MACHGROUP_CT,0
FK_RPTMACHAPP_MACHTYPE,RPTMACHAPPRAISAL,NON_UNIQUE,ACTIVE,ASC,MACHTYPE_CT,0
FK_RPTMACHAPP_RPTASSMNT,RPTMACHAPPRAISAL,NON_UNIQUE,ACTIVE,ASC,TAXTRANS_ID,0
PK_RPTMACHAPPRAISAL_1,RPTMACHAPPRAISAL,UNIQUE,ACTIVE,ASC,MACHAPPRAISAL_ID,0
FK_RPTPLANTTREEAPP_PLNTTREE,RPTPLANTTREEAPPRAISAL,NON_UNIQUE,ACTIVE,ASC,PLANT_CT,0
PK_RPTPLANTTREEAPP_1,RPTPLANTTREEAPPRAISAL,UNIQUE,ACTIVE,ASC,PLANTSAPPRAISAL_ID,0
FK_RPTTRANSACTION_PROPERTY01,RPTTRANSACTION,NON_UNIQUE,ACTIVE,ASC,OLDPROP_ID,0
FK_RPTTRANSACTION_PROPERTY02,RPTTRANSACTION,NON_UNIQUE,ACTIVE,ASC,NEWPROP_ID,0
FK_RPTTRANSACTION_RPTASS02,RPTTRANSACTION,NON_UNIQUE,ACTIVE,ASC,NEWTAXTRANS_ID,0
FK_RPTTRANSACTION_RPTASSM,RPTTRANSACTION,NON_UNIQUE,ACTIVE,ASC,OLDTAXTRANS_ID,0
FK_RPTTRANSACTION_TRPTRANS,RPTTRANSACTION,NON_UNIQUE,ACTIVE,ASC,TRANSCODE_CT,0
IDX_RPTTRANSACTION_TRANSYEAR,RPTTRANSACTION,NON_UNIQUE,ACTIVE,ASC,TRANSYEAR,0
PK_RPTTRANSACTION_1,RPTTRANSACTION,UNIQUE,ACTIVE,ASC,RPTTRANSACTION_ID,0
PK_RPTVALUEADJUSTMENT,RPTVALUEADJUSTMENT,UNIQUE,ACTIVE,ASC,VALUEADJUSTMENT_ID,0
PK_SECURITY_APPS_1,SECURITY_APPS,UNIQUE,ACTIVE,ASC,APPLICATION,0
PK_SECURITY_TEMPLATE_1,SECURITY_TEMPLATE,UNIQUE,ACTIVE,ASC,APPLICATION,0
PK_SECURITY_TEMPLATE_1,SECURITY_TEMPLATE,UNIQUE,ACTIVE,ASC,WINDOW,1
PK_SECURITY_TEMPLATE_1,SECURITY_TEMPLATE,UNIQUE,ACTIVE,ASC,CONTROL,2
PK_SECURITY_TEMPLATE_1,SECURITY_TEMPLATE,UNIQUE,ACTIVE,ASC,OBJECT_TYPE,3
PK_SECURITY_USERS__USERID,SECURITY_USERS,UNIQUE,ACTIVE,ASC,NAME,0
PK_SECURITYRCD,SECURITY_USERS_RCD,UNIQUE,ACTIVE,ASC,NAME,0
PK_SUBDIVISION_1,SUBDIVISION,UNIQUE,ACTIVE,ASC,SUBDIVISION_ID,0
PK_SYNCRONIZATIONCHECKER_MUN,SYNCRONIZATIONCHECKER_MUN,UNIQUE,ACTIVE,ASC,SYNCCHK_ID,0
PK_SYNCRONIZATIONCHECKER_PROV,SYNCRONIZATIONCHECKER_PROV,UNIQUE,ACTIVE,ASC,SYNCCHK_ID,0
PK_SYNCRONIZATIONLOG,SYNCRONIZATIONLOG,UNIQUE,ACTIVE,ASC,SYNCLOG_ID,0
PK_SYNCRONIZATIONLOG,SYNCRONIZATIONLOG,UNIQUE,ACTIVE,ASC,DATASOURCE,1
FK_TAXCLEARANCE_TAXPAYER,TAXCLEARANCE,NON_UNIQUE,ACTIVE,ASC,LOCAL_TIN,0
PK_TAXCLEARANCE_1,TAXCLEARANCE,UNIQUE,ACTIVE,ASC,TC_ID,0
FK_TAXPAYER_COUNTRY,TAXPAYER,NON_UNIQUE,ACTIVE,ASC,COUNTRY_CT,0
IDX_TAXPAYER1,TAXPAYER,NON_UNIQUE,ACTIVE,ASC,OWNERADDRESS,0
IDX_TAXPAYER2,TAXPAYER,NON_UNIQUE,ACTIVE,ASC,FIRSTNAME,0
IDX_TAXPAYER3,TAXPAYER,NON_UNIQUE,ACTIVE,ASC,LASTNAME,0
IDX_TAXPAYER4,TAXPAYER,NON_UNIQUE,ACTIVE,ASC,MI,0
IDX_TAXPAYER5,TAXPAYER,NON_UNIQUE,ACTIVE,ASC,STREET,0
IDX_TAXPAYER6,TAXPAYER,NON_UNIQUE,ACTIVE,ASC,PUROK,0
IDX_TAXPAYER7,TAXPAYER,NON_UNIQUE,ACTIVE,ASC,PROVINCE_CT,0
IDX_TAXPAYER8,TAXPAYER,NON_UNIQUE,ACTIVE,ASC,MUNICIPAL_ID,0
IDX_TAXPAYERBARANGAY_CT,TAXPAYER,NON_UNIQUE,ACTIVE,ASC,BARANGAY_CT,0
IDX_TAXPAYER_LOCALTIN,TAXPAYER,NON_UNIQUE,ACTIVE,ASC,LOCAL_TIN,0
IDX_TAXPAYER_OWNERNAME,TAXPAYER,NON_UNIQUE,ACTIVE,ASC,OWNERNAME,0
PK_TAXPAYER_1,TAXPAYER,UNIQUE,ACTIVE,ASC,LOCAL_TIN,0
FK_TAXPAYERDETAIL_1,TAXPAYERDETAIL,NON_UNIQUE,ACTIVE,ASC,TAXPAYERDETAILGROUP_CT,0
PK_TAXPAYERDETAIL,TAXPAYERDETAIL,UNIQUE,ACTIVE,ASC,LOCAL_TIN,0
PK_TAXPAYERFAMILY,TAXPAYERFAMILY,UNIQUE,ACTIVE,ASC,LOCAL_TIN,0
PK_TAXPAYERFAMILY,TAXPAYERFAMILY,UNIQUE,ACTIVE,ASC,FAMILY_ID,1
PK_TAXPAYERFAMILY,TAXPAYERFAMILY,UNIQUE,ACTIVE,ASC,FAMILYLOCAL_TIN,2
IDX_TAXPAYERMASTERLIST1,TAXPAYERMASTERLIST,NON_UNIQUE,ACTIVE,ASC,PARENT_TIN,0
IDX_TAXPAYERMASTERLIST2,TAXPAYERMASTERLIST,NON_UNIQUE,ACTIVE,ASC,LOCAL_TIN,0
IDX_TAXPAYERMASTERLIST3,TAXPAYERMASTERLIST,NON_UNIQUE,ACTIVE,ASC,MUNICIPAL_ID,0
PK_TAXPAYERMASTERLIST_1,TAXPAYERMASTERLIST,UNIQUE,ACTIVE,ASC,PARENT_TIN,0
PK_TAXPAYERMASTERLIST_1,TAXPAYERMASTERLIST,UNIQUE,ACTIVE,ASC,LOCAL_TIN,1
FK_TPACCOUNT_ACCNTCD,TPACCOUNT,NON_UNIQUE,ACTIVE,ASC,ACCOUNTCODE_CT,0
FK_TPACCOUNT_EARMARK,TPACCOUNT,NON_UNIQUE,ACTIVE,ASC,EARMARK_CT,0
FK_TPACCOUNT_MUNCPLTY,TPACCOUNT,NON_UNIQUE,ACTIVE,ASC,MUNICIPAL_ID,0
FK_TPACCOUNT_TAXPAYER,TPACCOUNT,NON_UNIQUE,ACTIVE,ASC,LOCAL_TIN,0
FK_TPACCOUNT_TXPRD,TPACCOUNT,NON_UNIQUE,ACTIVE,ASC,TAXPERIOD_CT,0
IDX_PKEVENTOBJECT,TPACCOUNT,NON_UNIQUE,ACTIVE,ASC,PK_EVENTOBJECT,0
IDX_TPACCOUNT_BOOKINGREFERENCE,TPACCOUNT,NON_UNIQUE,ACTIVE,ASC,BOOKINGREFERENCE,0
IDX_TPACCOUNT_CANCELLEDBV,TPACCOUNT,NON_UNIQUE,ACTIVE,ASC,CANCELLED_BV,0
IDX_TPACCOUNT_CASETYPECT,TPACCOUNT,NON_UNIQUE,ACTIVE,ASC,CASETYPE_CT,0
IDX_TPACCOUNT_CREDITAMOUNT,TPACCOUNT,NON_UNIQUE,ACTIVE,ASC,CREDITAMOUNT,0
IDX_TPACCOUNT_DEBITAMOUNT,TPACCOUNT,NON_UNIQUE,ACTIVE,ASC,DEBITAMOUNT,0
IDX_TPACCOUNT_EARMARKCT,TPACCOUNT,NON_UNIQUE,ACTIVE,ASC,EARMARK_CT,0
IDX_TPACCOUNT_EVENTOBJCT,TPACCOUNT,NON_UNIQUE,ACTIVE,ASC,EVENTOBJECT_CT,0
IDX_TPACCOUNT_ITAXTYPECT,TPACCOUNT,NON_UNIQUE,ACTIVE,ASC,ITAXTYPE_CT,0
IDX_TPACCOUNT_LOCALTIN,TPACCOUNT,NON_UNIQUE,ACTIVE,ASC,LOCAL_TIN,0
IDX_TPACCOUNT_POSTINGID,TPACCOUNT,NON_UNIQUE,ACTIVE,ASC,POSTING_ID,0
IDX_TPACCOUNT_PROPID,TPACCOUNT,NON_UNIQUE,ACTIVE,ASC,PROP_ID,0
IDX_TPACCOUNT_RFPOSTINGID,TPACCOUNT,NON_UNIQUE,ACTIVE,ASC,REFPOSTINGID,0
IDX_TPACCOUNT_TAXTRANS,TPACCOUNT,NON_UNIQUE,ACTIVE,ASC,TAXTRANS_ID,0
IDX_TPACCOUNT_TAXYEAR,TPACCOUNT,NON_UNIQUE,ACTIVE,ASC,TAXYEAR,0
IDX_TPACCOUNT_VALUEDATE,TPACCOUNT,NON_UNIQUE,ACTIVE,ASC,VALUEDATE,0
PK_TPACCOUNT_1,TPACCOUNT,UNIQUE,ACTIVE,ASC,POSTING_ID,0
PK_TPDOCUMENT_1,TPDOCUMENT,UNIQUE,ACTIVE,ASC,TPDOC_ID,0
PK_TRANSACTIONSTATUS_1,TRANSACTIONSTATUS,UNIQUE,ACTIVE,ASC,TRANSSTAT_ID,0
FK_TRANSSTATDET_1,TRANSACTIONSTATUSDETAIL,NON_UNIQUE,ACTIVE,ASC,TRANSSTAT_ID,0
FK_TRANSSTATDET_PROPERTY,TRANSACTIONSTATUSDETAIL,NON_UNIQUE,ACTIVE,ASC,PROP_ID,0
FK_TRANSSTATDET_RPTASSM,TRANSACTIONSTATUSDETAIL,NON_UNIQUE,ACTIVE,ASC,TAXTRANS_ID,0
FK_TRANSSTATDET_RPTTRANS,TRANSACTIONSTATUSDETAIL,NON_UNIQUE,ACTIVE,ASC,RPTTRANSACTION_ID,0
FK_TRANSSTATDET_TAXPAYER,TRANSACTIONSTATUSDETAIL,NON_UNIQUE,ACTIVE,ASC,LOCAL_TIN,0
PK_TRANSACTIONSTATUSDETAIL_1,TRANSACTIONSTATUSDETAIL,UNIQUE,ACTIVE,ASC,TRANSSTATDETAIL_ID,0
FK_TRANSSTATREM_1,TRANSACTIONSTATUSREMARK,NON_UNIQUE,ACTIVE,ASC,TRANSSTAT_ID,0
PK_TRANSACTIONSTATUSREMARK_1,TRANSACTIONSTATUSREMARK,UNIQUE,ACTIVE,ASC,TRANSSTATREMARK_ID,0
PK_TTKGISLAYERSQL_1,TTKGISLAYERSQL,UNIQUE,ACTIVE,ASC,NAME,0
PK_T_ACCOUNTCODE_1,T_ACCOUNTCODE,UNIQUE,ACTIVE,ASC,CODE,0
FK_ACTUALUSE_MNCPLTY,T_ACTUALUSE,NON_UNIQUE,ACTIVE,ASC,MUNICIPAL_ID,0
PK_T_ACTUALUSE_1,T_ACTUALUSE,UNIQUE,ACTIVE,ASC,CODE,0
PK_T_ADJUSTMENT_1,T_ADJUSTMENT,UNIQUE,ACTIVE,ASC,CODE,0
PK_T_ADJUSTMENTFACTOR_1,T_ADJUSTMENTFACTOR,UNIQUE,ACTIVE,ASC,ADJUSTMENTFACTOR_ID,0
PK_T_ADJUSTMENTTYPE_1,T_ADJUSTMENTTYPE,UNIQUE,ACTIVE,ASC,CODE,0
PK_T_ANNOTATION,T_ANNOTATION,UNIQUE,ACTIVE,ASC,CODE,0
FK_T_ASSMLVL_MNCPLTY,T_ASSESSMENTLEVEL,NON_UNIQUE,ACTIVE,ASC,MUNICIPAL_ID,0
FK_T_ASSMLVL_PROPKIND,T_ASSESSMENTLEVEL,NON_UNIQUE,ACTIVE,ASC,PROPERTYKIND_CT,0
PK_T_ASSESSMENTLEVEL_1,T_ASSESSMENTLEVEL,UNIQUE,ACTIVE,ASC,ASSESSMENTLEVEL_ID,0
UNQ_T_ASSESSMENTLEVEL_ASSLVL,T_ASSESSMENTLEVEL,UNIQUE,ACTIVE,ASC,PROPERTYKIND_CT,0
UNQ_T_ASSESSMENTLEVEL_ASSLVL,T_ASSESSMENTLEVEL,UNIQUE,ACTIVE,ASC,ACTUALUSE_CT,1
UNQ_T_ASSESSMENTLEVEL_ASSLVL,T_ASSESSMENTLEVEL,UNIQUE,ACTIVE,ASC,YEARSTART,2
UNQ_T_ASSESSMENTLEVEL_ASSLVL,T_ASSESSMENTLEVEL,UNIQUE,ACTIVE,ASC,ASSESSMENTLEVEL,3
PK_T_BANK_1,T_BANK,UNIQUE,ACTIVE,ASC,CODE,0
PK_T_BANK_1,T_BANK,UNIQUE,ACTIVE,ASC,BRANCH,1
FK_BRNGY_MNCPLTY,T_BARANGAY,NON_UNIQUE,ACTIVE,ASC,MUNICIPAL_ID,0
FK_BRNGY_WSECTOR,T_BARANGAY,NON_UNIQUE,ACTIVE,ASC,WSECTOR_CT,0
FK_T_BRNGY_PRVNCE,T_BARANGAY,NON_UNIQUE,ACTIVE,ASC,PROVINCE_CT,0
PK_T_BARANGAY_1,T_BARANGAY,UNIQUE,ACTIVE,ASC,CODE,0
PK_T_BARANGAY_1,T_BARANGAY,UNIQUE,ACTIVE,ASC,MUNICIPAL_ID,1
PK_T_BARANGAY_1,T_BARANGAY,UNIQUE,ACTIVE,ASC,PROVINCE_CT,2
PK_T_BLDGCLASS,T_BLDGCLASS,UNIQUE,ACTIVE,ASC,CODE,0
PK_T_BLDGCLASS,T_BLDGCLASS,UNIQUE,ACTIVE,ASC,YEARSTART,1
PK_T_BLDGCOMPONENT_1,T_BLDGCOMPONENT,UNIQUE,ACTIVE,ASC,CODE,0
FK_T_BLDGXTRAITEM_BLDGCMPNNT,T_BLDGEXTRAITEM,NON_UNIQUE,ACTIVE,ASC,BLDGCOMPONENT_CT,0
PK_T_BLDGEXTRAITEM_1,T_BLDGEXTRAITEM,UNIQUE,ACTIVE,ASC,CODE,0
PK_T_BLDGKIND_1,T_BLDGKIND,UNIQUE,ACTIVE,ASC,CODE,0
PK_T_BLDGMATERIAL_1,T_BLDGMATERIAL,UNIQUE,ACTIVE,ASC,CODE,0
FK_BLDGMATCHK_BLDGCMPNNT,T_BLDGMATERIALCHECKLIST,NON_UNIQUE,ACTIVE,ASC,BLDGCOMPONENT_CT,0
FK_T_BLDGMATCHK_BLDGMAT,T_BLDGMATERIALCHECKLIST,NON_UNIQUE,ACTIVE,ASC,BLDGMATERIAL_CT,0
PK_T_BLDGMATERIALCHECKLIST_1,T_BLDGMATERIALCHECKLIST,UNIQUE,ACTIVE,ASC,CODE,0
PK_T_BLDGSTRUCTURETYPE_1,T_BLDGSTRUCTURETYPE,UNIQUE,ACTIVE,ASC,CODE,0
PK_T_BLDGSTRUCTURETYPE_1,T_BLDGSTRUCTURETYPE,UNIQUE,ACTIVE,ASC,YEARSTART,1
PK_T_BLDG_GRCODE,T_BLDG_GRCODE,UNIQUE,ACTIVE,ASC,BLDGGRC_ID,0
PK_T_BLDG_GRCODE_TYPE,T_BLDG_GRCODE_TYPE,UNIQUE,ACTIVE,ASC,BGRTYPE_ID,0
FK_T_BPADDCHRG_ITAXTYPE,T_BPADDONCHARGES,NON_UNIQUE,ACTIVE,ASC,ITAXTYPE_CT,0
PK_T_BPADDONCHARGES_1,T_BPADDONCHARGES,UNIQUE,ACTIVE,ASC,CODE,0
FK_BPCAT_BPCATGRP,T_BPCATEGORY,NON_UNIQUE,ACTIVE,ASC,BPCATGROUP_CT,0
FK_BPCAT_MNCPLTY,T_BPCATEGORY,NON_UNIQUE,ACTIVE,ASC,MUNICIPAL_ID,0
PK_T_BPCATEGORY_1,T_BPCATEGORY,UNIQUE,ACTIVE,ASC,CODE,0
FK_BPCATGRP_MNCPLTY,T_BPCATEGORYGROUP,NON_UNIQUE,ACTIVE,ASC,MUNICIPAL_ID,0
PK_T_BPCATEGORYGROUP_1,T_BPCATEGORYGROUP,UNIQUE,ACTIVE,ASC,CODE,0
FK_BPCLRANCE_MNCPLTY,T_BPCLEARANCE,NON_UNIQUE,ACTIVE,ASC,MUNICIPAL_ID,0
PK_T_BPCLEARANCE_1,T_BPCLEARANCE,UNIQUE,ACTIVE,ASC,CODE,0
FK_BPRTS_BPADDCHRG,T_BPRATES,NON_UNIQUE,ACTIVE,ASC,BPADDONCHARGES_CT,0
FK_BPRTS_MNCPLTY,T_BPRATES,NON_UNIQUE,ACTIVE,ASC,MUNICIPAL_ID,0
PK_T_BPRATES_1,T_BPRATES,UNIQUE,ACTIVE,ASC,CODE,0
RDB$PRIMARY3,T_BPSTATUS,UNIQUE,ACTIVE,ASC,CODE,0
PK_T_BUILDINGNAMES_1,T_BUILDINGNAMES,UNIQUE,ACTIVE,ASC,CODE,0
PK_T_CASETYPE_1,T_CASETYPE,UNIQUE,ACTIVE,ASC,CODE,0
PK_T_CLASSIFICATION_1,T_CLASSIFICATION,UNIQUE,ACTIVE,ASC,CODE,0
PK_T_CLASSLEVEL_1,T_CLASSLEVEL,UNIQUE,ACTIVE,ASC,CODE,0
PK_T_COMMENTTEMPLATE_1,T_COMMENTTEMPLATE,UNIQUE,ACTIVE,ASC,ID,0
PK_T_COUNTRY_1,T_COUNTRY,UNIQUE,ACTIVE,ASC,CODE,0
PK_T_CTCRATE_1,T_CTCRATE,UNIQUE,ACTIVE,ASC,CODE,0
PK_T_DENOMINATION_1,T_DENOMINATION,UNIQUE,ACTIVE,ASC,DENOMINATION,0
PK_T_DISCOUNT_1,T_DISCOUNT,UNIQUE,ACTIVE,ASC,DISCOUNT_ID,0
PK_T_EARMARK_1,T_EARMARK,UNIQUE,ACTIVE,ASC,CODE,0
FK_T_EECLEARANCE_1,T_EECLEARANCE,NON_UNIQUE,ACTIVE,ASC,MUNICIPAL_ID,0
PK_T_EECLEARANCE_1,T_EECLEARANCE,UNIQUE,ACTIVE,ASC,CODE,0
PK_T_EELIVESTOCK_1,T_EELIVESTOCK,UNIQUE,ACTIVE,ASC,CODE,0
PK_T_EELOCATION_1,T_EELOCATION,UNIQUE,ACTIVE,ASC,CODE,0
FK_T_EERATE,T_EERATE,NON_UNIQUE,ACTIVE,ASC,ITAXTYPE_CT,0
FK_T_EERATE_3,T_EERATE,NON_UNIQUE,ACTIVE,ASC,MUNICIPAL_ID,0
FK_T_EERATE_5,T_EERATE,NON_UNIQUE,ACTIVE,ASC,PAYPERIOD_CT,0
PK_T_EERATE_1,T_EERATE,UNIQUE,ACTIVE,ASC,EERATE_ID,0
PK_T_EESECTION_1,T_EESECTION,UNIQUE,ACTIVE,ASC,CODE,0
PK_T_EETYPEOFFEE_1,T_EETYPEOFFEE,UNIQUE,ACTIVE,ASC,CODE,0
PK_T_ENFORCEMENTSTATUS_1,T_ENFORCEMENTSTATUS,UNIQUE,ACTIVE,ASC,CODE,0
PK_T_ENFORCEMENTTYPE_1,T_ENFORCEMENTTYPE,UNIQUE,ACTIVE,ASC,CODE,0
PK_T_ESRECLASSIFICATION,T_ESRECLASSIFICATION,UNIQUE,ACTIVE,ASC,CODE,0
PK_T_ESRECLASSIFICATION,T_ESRECLASSIFICATION,UNIQUE,ACTIVE,ASC,LIFT,1
PK_T_EVENTOBJECT_1,T_EVENTOBJECT,UNIQUE,ACTIVE,ASC,CODE,0
PK_T_EXCHANGERATE_1,T_EXCHANGERATE,UNIQUE,ACTIVE,ASC,AVGRATE,0
PK_T_EXCHANGERATE_1,T_EXCHANGERATE,UNIQUE,ACTIVE,ASC,ERYEAR,1
PK_T_FAMILY,T_FAMILY,UNIQUE,ACTIVE,ASC,CODE,0
PK_T_FUNDTYPE,T_FUNDTYPE,UNIQUE,ACTIVE,ASC,CODE,0
FK_ITAXTYPE_ACCNTCODE,T_ITAXTYPE,NON_UNIQUE,ACTIVE,ASC,ACCOUNTCODE_CT,0
FK_T_ITAXTY_REFERENCE_T_ACCOUN,T_ITAXTYPE,NON_UNIQUE,ACTIVE,ASC,ACCOUNTCODE_CT,0
IDX_T_ITAXTYPE1,T_ITAXTYPE,NON_UNIQUE,ACTIVE,ASC,MAINGROUP,0
PK_T_ITAXTYPE_1,T_ITAXTYPE,UNIQUE,ACTIVE,ASC,CODE,0
PK_T_ITAXTYPEGROUP_1,T_ITAXTYPEGROUP,UNIQUE,ACTIVE,ASC,CODE,0
IDX_T_ITAXTYPESUBGROUP1,T_ITAXTYPESUBGROUP,NON_UNIQUE,ACTIVE,ASC,MAINGROUP,0
IDX_T_ITAXTYPESUBGROUP2,T_ITAXTYPESUBGROUP,NON_UNIQUE,ACTIVE,ASC,COA_GLCODE,0
IDX_T_ITAXTYPESUBGROUP3,T_ITAXTYPESUBGROUP,NON_UNIQUE,ACTIVE,ASC,COA_SLCODE,0
PK_T_ITAXTYPESUBGROUP_1,T_ITAXTYPESUBGROUP,UNIQUE,ACTIVE,ASC,CODE,0
IDX_T_ITAXTYPE_DETAIL1,T_ITAXTYPE_DETAIL,NON_UNIQUE,ACTIVE,ASC,IGROUP,0
IDX_T_ITAXTYPE_DETAIL2,T_ITAXTYPE_DETAIL,NON_UNIQUE,ACTIVE,ASC,COA_GLCODE,0
IDX_T_ITAXTYPE_DETAIL3,T_ITAXTYPE_DETAIL,NON_UNIQUE,ACTIVE,ASC,COA_SLCODE,0
PK_T_ITAXTYPE_DETAIL,T_ITAXTYPE_DETAIL,UNIQUE,ACTIVE,ASC,CODE,0
PK_T_ITAXTYPE_1_TEMP,T_ITAXTYPE_TEMP,UNIQUE,ACTIVE,ASC,CODE,0
PK_T_MACHINECONDITION_1,T_MACHINECONDITION,UNIQUE,ACTIVE,ASC,CODE,0
PK_T_MACHINEGROUP_1,T_MACHINEGROUP,UNIQUE,ACTIVE,ASC,CODE,0
FK_MACHTYPE_MACHGRP,T_MACHINETYPE,NON_UNIQUE,ACTIVE,ASC,MACHGROUP_CT,0
PK_T_MACHINETYPE_1,T_MACHINETYPE,UNIQUE,ACTIVE,ASC,CODE,0
PK_T_MAPTYPE_1,T_MAPTYPE,UNIQUE,ACTIVE,ASC,CODE,0
PK_MCHCITATION_ID,T_MCHCITATION,UNIQUE,ACTIVE,ASC,MCHCITATION_ID,0
PK_T_MCHFRANCHISESCHEDULE_1,T_MCHFRANCHISESCHEDULE,UNIQUE,ACTIVE,ASC,CODE,0
FK_T_MCHRATE,T_MCHRATE,NON_UNIQUE,ACTIVE,ASC,ITAXTYPE_CT,0
FK_T_MCHRATE_1,T_MCHRATE,NON_UNIQUE,ACTIVE,ASC,REQUIREMENT_ID,0
FK_T_MCHRATE_3,T_MCHRATE,NON_UNIQUE,ACTIVE,ASC,MCHTYPE_CT,0
PK_T_MCHRATE_1,T_MCHRATE,UNIQUE,ACTIVE,ASC,MCHRATE_ID,0
FK_T_MCHREQUIREMENT_1,T_MCHREQUIREMENT,NON_UNIQUE,ACTIVE,ASC,REQUIREMENT_ID,0
FK_T_MCHREQUIREMENT_2,T_MCHREQUIREMENT,NON_UNIQUE,ACTIVE,ASC,MCHTYPE_CT,0
PK_T_MCHREQUIREMENT_1,T_MCHREQUIREMENT,UNIQUE,ACTIVE,ASC,TMCHREQ_ID,0
PK_T_MCHTYPE_1,T_MCHTYPE,UNIQUE,ACTIVE,ASC,CODE,0
PK_CODE,T_MEMORANDA,UNIQUE,ACTIVE,ASC,CODE,0
PK_T_METERREADER_1,T_METERREADER,UNIQUE,ACTIVE,ASC,CODE,0
FK_MUNICIPALITY_PROVINCE,T_MUNICIPALITY,NON_UNIQUE,ACTIVE,ASC,PROVINCE_CT,0
PK_T_MUNICIPALITY_1,T_MUNICIPALITY,UNIQUE,ACTIVE,ASC,MUNICIPAL_ID,0
PK_T_ORTYPE_1,T_ORTYPE,UNIQUE,ACTIVE,ASC,CODE,0
PK_T_OTHERPAYMENTRATE_1,T_OTHERPAYMENTRATE,UNIQUE,ACTIVE,ASC,OPRATE_ID,0
PK_T_OWNERTYPE_1,T_OWNERTYPE,UNIQUE,ACTIVE,ASC,CODE,0
PK_T_PAYMODE_1,T_PAYMODE,UNIQUE,ACTIVE,ASC,CODE,0
PK_T_PAYPERIOD_1,T_PAYPERIOD,UNIQUE,ACTIVE,ASC,CODE,0
FK_PNLTYINTRSTPRM_MNCPLTY,T_PENALTYINTERESTPARAM,NON_UNIQUE,ACTIVE,ASC,MUNICIPAL_ID,0
PK_T_PLANTTREE_1,T_PLANTTREE,UNIQUE,ACTIVE,ASC,CODE,0
PK_T_PROPERTYKIND_1,T_PROPERTYKIND,UNIQUE,ACTIVE,ASC,CODE,0
PK_T_PROVINCE_1,T_PROVINCE,UNIQUE,ACTIVE,ASC,CODE,0
PK_REGION,T_REGION,UNIQUE,ACTIVE,ASC,CODE,0
FK_T_RGNLPRM_MNCPLTY,T_REGIONALPARAMS,NON_UNIQUE,ACTIVE,ASC,MUNICIPAL_ID,0
PK_T_REGIONALPARAMS,T_REGIONALPARAMS,UNIQUE,ACTIVE,ASC,REGPARM_ID,0
PK_T_REGIONALPARAMSETTING,T_REGIONALPARAMSETTING,UNIQUE,ACTIVE,ASC,REGPARMSET_ID,0
PK_T_REPORT_1,T_REPORT,UNIQUE,ACTIVE,ASC,TREP_ID,0
PK_T_REPORTGROUP_1,T_REPORTGROUP,UNIQUE,ACTIVE,ASC,CODE,0
PK_T_REQUIREMENT_1,T_REQUIREMENT,UNIQUE,ACTIVE,ASC,CODE,0
PK_T_RPTGRINFO_1,T_RPTGRINFO,UNIQUE,ACTIVE,ASC,YEARSTART,0
PK_T_RPTRESTRICTION_1,T_RPTRESTRICTION,UNIQUE,ACTIVE,ASC,CODE,0
PK_T_RPTTRANSACTION_1,T_RPTTRANSACTION,UNIQUE,ACTIVE,ASC,CODE,0
FK_SFMVBLDGCOST_MNCPLTY,T_SFMVBLDGCOST,NON_UNIQUE,ACTIVE,ASC,MUNICIPAL_ID,0
PK_T_SFMVBLDGCOST_1,T_SFMVBLDGCOST,UNIQUE,ACTIVE,ASC,SFMVBLDGCOST_ID,0
FK_T_SFMVBLDGDEP_MNCPLTY,T_SFMVBLDGDEPRECIATION,NON_UNIQUE,ACTIVE,ASC,MUNICIPAL_ID,0
PK_T_SFMVBLDGDEPRECIATION_1,T_SFMVBLDGDEPRECIATION,UNIQUE,ACTIVE,ASC,SFMVBLDGDEP_ID,0
FK_SFMVBLDGEXTRA_BLDGEXTRITTM,T_SFMVBLDGEXTRAITEM,NON_UNIQUE,ACTIVE,ASC,EXTRAITEM_CT,0
FK_T_SFMVBLDGEXTRA_MNCPLTY,T_SFMVBLDGEXTRAITEM,NON_UNIQUE,ACTIVE,ASC,MUNICIPAL_ID,0
PK_T_SFMVBLDGEXTRAITEM_1,T_SFMVBLDGEXTRAITEM,UNIQUE,ACTIVE,ASC,SFMVBLDGEXTRA_ID,0
FK_SFMVLAND_CLASSLEVEL,T_SFMVLAND,NON_UNIQUE,ACTIVE,ASC,CLASSLEVEL_CT,0
PK_T_SFMVLAND_1,T_SFMVLAND,UNIQUE,ACTIVE,ASC,SFMVLAND_ID,0
FK_SFMVLANDADJ_ADJST,T_SFMVLANDADJUSTMENT,NON_UNIQUE,ACTIVE,ASC,ADJUSTMENT_CT,0
FK_T_SFMVLANDADJ_ADJTYPE,T_SFMVLANDADJUSTMENT,NON_UNIQUE,ACTIVE,ASC,ADJUSTMENTTYPE_CT,0
FK_T_SFMVLANDADJ_MNCPLTY,T_SFMVLANDADJUSTMENT,NON_UNIQUE,ACTIVE,ASC,MUNICIPAL_ID,0
PK_T_SFMVLANDADJUSTMENT_1,T_SFMVLANDADJUSTMENT,UNIQUE,ACTIVE,ASC,SFMVLANDADJUSTMENT_ID,0
FK_SFMVPLNTTREE_CLSSLVL,T_SFMVPLANTTREE,NON_UNIQUE,ACTIVE,ASC,CLASSLEVEL_CT,0
FK_SFMVPLNTTREE_MNCPLTY,T_SFMVPLANTTREE,NON_UNIQUE,ACTIVE,ASC,MUNICIPAL_ID,0
FK_T_SFMVPLNTTREE_UNIT,T_SFMVPLANTTREE,NON_UNIQUE,ACTIVE,ASC,UNIT_CT,0
PK_T_SFMVPLANTTREE_1,T_SFMVPLANTTREE,UNIQUE,ACTIVE,ASC,SFMVPLANT_ID,0
FK_T_SHARES,T_SHARES,NON_UNIQUE,ACTIVE,ASC,ITAXTYPE_CT,0
PK_T_SHARES_1,T_SHARES,UNIQUE,ACTIVE,ASC,SHARES_ID,0
PK_T_STATUS_1,T_STATUS,UNIQUE,ACTIVE,ASC,CODE,0
FK_SUBCLASS_MNCPLTY,T_SUBCLASSIFICATION,NON_UNIQUE,ACTIVE,ASC,MUNICIPAL_ID,0
PK_T_SUBCLASSIFICATION_1,T_SUBCLASSIFICATION,UNIQUE,ACTIVE,ASC,CODE,0
FK_T_TAXPAYERDETAIL_1,T_TAXPAYERDETAIL,NON_UNIQUE,ACTIVE,ASC,TAXPAYERDETAILGROUP_CT,0
PK_T_TAXPAYERDETAIL_1,T_TAXPAYERDETAIL,UNIQUE,ACTIVE,ASC,CODE,0
PK_T_TAXPAYERDETAILGROUP_1,T_TAXPAYERDETAILGROUP,UNIQUE,ACTIVE,ASC,CODE,0
PK_T_TAXPERIOD_1,T_TAXPERIOD,UNIQUE,ACTIVE,ASC,CODE,0
PK_T_TRANSAPPROVAL_1,T_TRANSAPPROVAL,UNIQUE,ACTIVE,ASC,ID,0
PK_T_UNIT_1,T_UNIT,UNIQUE,ACTIVE,ASC,CODE,0
PK_T_USERDESIGNATION_1,T_USERDESIGNATION,UNIQUE,ACTIVE,ASC,CODE,0
PK_T_VIOLATION_1,T_VIOLATION,UNIQUE,ACTIVE,ASC,CODE,0
PK_T_WATERITEM_1,T_WATERITEM,UNIQUE,ACTIVE,ASC,CODE,0
PK_T_WATERITEMGROUP_1,T_WATERITEMGROUP,UNIQUE,ACTIVE,ASC,TWIG_ID,0
PK_T_WATERORDINANCE_1,T_WATERORDINANCE,UNIQUE,ACTIVE,ASC,TWO_ID,0
PK_T_WATERREPORTS_1,T_WATERREPORTS,UNIQUE,ACTIVE,ASC,CODE,0
PK_T_WCLASSCODE_0,T_WCLASSCODE,UNIQUE,ACTIVE,ASC,CODE,0
PK_T_WCONNECTIONRATE_1,T_WCONNECTIONRATE,UNIQUE,ACTIVE,ASC,WCR_ID,0
PK_T_WCONNECTIONTYPE_1,T_WCONNECTIONTYPE,UNIQUE,ACTIVE,ASC,CODE,0
PK_T_WCSTATUS_1,T_WCSTATUS,UNIQUE,ACTIVE,ASC,STATUS_ID,0
PK_T_WNODE_1,T_WNODE,UNIQUE,ACTIVE,ASC,CODE,0
PK_T_WOWI,T_WOWI,UNIQUE,ACTIVE,ASC,CODE,0
PK_T_WOWI,T_WOWI,UNIQUE,ACTIVE,ASC,TWO_ID,1
PK_T_WSECTOR_1,T_WSECTOR,UNIQUE,ACTIVE,ASC,CODE,0
PK_T_WSTUBOUT_1,T_WSTUBOUT,UNIQUE,ACTIVE,ASC,CODE,0
PK_T_WZONE_1,T_WZONE,UNIQUE,ACTIVE,ASC,CODE,0
IDX_WATERBILL2,WATERBILL,NON_UNIQUE,ACTIVE,ASC,BILLMONTH,0
IDX_WATERBILL3,WATERBILL,NON_UNIQUE,ACTIVE,ASC,BILLYEAR,0
PK_WATERBILL_1,WATERBILL,UNIQUE,ACTIVE,ASC,WB_ID,0
IDX_WATERBILLDETAIL1,WATERBILLDETAIL,NON_UNIQUE,ACTIVE,ASC,ITEMDESC,0
IDX_WATERBILLDETAIL2,WATERBILLDETAIL,NON_UNIQUE,ACTIVE,ASC,WB_ID,0
PK_WATERBILLDETAIL_1,WATERBILLDETAIL,UNIQUE,ACTIVE,ASC,WBD_ID,0
FK_WATERCONTRACT_0,WATERCONTRACT,NON_UNIQUE,ACTIVE,ASC,LOCAL_TIN,0
IDX_WATERCONTRACT1,WATERCONTRACT,NON_UNIQUE,ACTIVE,ASC,STATUS_CT,0
IDX_WATERCONTRACT2,WATERCONTRACT,NON_UNIQUE,ACTIVE,ASC,WZONE_CT,0
PK_WATERCONTRACT_1,WATERCONTRACT,UNIQUE,ACTIVE,ASC,WC_ID,0
PK_WATERINIT_CONSUMPTION_1,WATERINIT_CONSUMPTION,UNIQUE,ACTIVE,ASC,WIC_ID,0
PK_WATERINIT_OUTSTANDING_1,WATERINIT_OUTSTANDING,UNIQUE,ACTIVE,ASC,ID,0
PK_WATERMETER_1,WATERMETER,UNIQUE,ACTIVE,ASC,WM_ID,0
FK_WMREADER_BARANGAY_0,WMREADER_BARANGAY,NON_UNIQUE,ACTIVE,ASC,WMRCODE,0
PK_WMREADER_BARANGAY_1,WMREADER_BARANGAY,UNIQUE,ACTIVE,ASC,WMRB_ID,0
IDX_WM_READING1,WM_READING,NON_UNIQUE,ACTIVE,ASC,WMWC_ID,0
IDX_WM_READING2,WM_READING,NON_UNIQUE,ACTIVE,ASC,WMRYEAR,0
IDX_WM_READING3,WM_READING,NON_UNIQUE,ACTIVE,ASC,WMRMONTH,0
PK_WM_READING_1,WM_READING,UNIQUE,ACTIVE,ASC,WMR_ID,0
FK_WM_READINGLIST_0,WM_READINGLIST,NON_UNIQUE,ACTIVE,ASC,MUNICIPAL_ID,0
PK_WM_READINGLIST_1,WM_READINGLIST,UNIQUE,ACTIVE,ASC,WMRRL_ID,0
FK_WM_WC_WC_ID,WM_WC,NON_UNIQUE,ACTIVE,ASC,WC_ID,0
FK_WM_WC_WM_ID,WM_WC,NON_UNIQUE,ACTIVE,ASC,WM_ID,0
PK_WM_WC_1,WM_WC,UNIQUE,ACTIVE,ASC,WMWC_ID,0
